<?xml version="1.0" encoding="UTF-8"?>
<!DOCTYPE mapper
        PUBLIC "-//mybatis.org//DTD Mapper 3.0//EN"
        "http://mybatis.org/dtd/mybatis-3-mapper.dtd">
        
<mapper namespace="com.springboot.team_one.dao.VUEDao">
	<!-- ================인사================ -->
	<!-- 인사 / 부서목록 -->
	<select id="dept_list" resultType="com.springboot.team_one.dto.AssembleDTO">
		SELECT department_id
		     , name de_name
		     , tel
		     , address de_address
		     , detail_address de_detail_address
		     , zip_code de_zip_code
		  FROM DEPARTMENT ORDER BY DEPARTMENT_ID
	</select>

	<!-- 인사 / 인사카드목록 -->
	<select id="emp_list" resultType="com.springboot.team_one.dto.AssembleDTO">
	     SELECT e.EMPLOYEE_ID
	            , e.NAME em_name
	           , e.PHONE em_phone
	           , e.EMAIL em_email
	           , e.HIRE_DATE
	           , d.NAME de_name
	           , p.NAME po_name
	           , e.STATUS em_status
	         FROM EMPLOYEE e
	         JOIN DEPARTMENT d
	         ON d.DEPARTMENT_ID = e.DEPARTMENT_ID
	         JOIN POSITION p
	         ON p.POSITION_ID = e.POSITION_ID
	       ORDER BY e.HIRE_DATE
	</select>
	<!-- ================회계================ -->
	<!-- ======= 재무상태표 ======= -->
	<!-- 보통예금(유동자산) / 현재출금계좌 잔액합계 -->
	<select id="bank_assets" resultType="Integer">
	   SELECT NVL(ROUND(SUM(a.balance)),0)
	    FROM account a
	   WHERE a.department_id IN 200
	       AND a.enable NOT IN 'N'
	       AND a.account_name LIKE '%출금%'
	</select>
	
	<!-- 매출채권 -->
	<!-- 현재 날짜 기반, 월 매출 공급가액 합계 -->
	<select id="trade_receivable" resultType="Integer">
	   SELECT NVL(ROUND(SUM(ss.supply_amount)),0)
	      FROM sales_slip ss, slip s
	      WHERE ss.slip_id = s.slip_id
	      AND TO_CHAR(s.register_date,'YYYYMM') = TO_CHAR(SYSDATE,'YYYYMM')
	      AND ss.type IN '매출'
	      AND s.state IN '승인'
	</select>
	
	<!-- 매입채무 -->
	<!-- 현재 날짜 기반, 월 매입 공급가액 합계 -->
	<select id="trade_payable" resultType="Integer">
	   SELECT NVL(ROUND(SUM(ss.supply_amount)),0)
	      FROM sales_slip ss, slip s
	      WHERE ss.slip_id = s.slip_id
	      AND TO_CHAR(s.register_date,'YYYYMM') = TO_CHAR(SYSDATE,'YYYYMM')
	      AND ss.type IN '매입'
	</select>
	
	<!-- 부가세대급금 -->
	<!-- 매입시 미리 지불한 부가세 => 자산 -->
	<select id="vat_payment" resultType="Integer">
	   SELECT NVL(ROUND(SUM(ss.tax_amount)),0)
	      FROM sales_slip ss, slip s
	      WHERE ss.slip_id = s.slip_id
	      AND TO_CHAR(s.register_date,'YYYYMM') = TO_CHAR(SYSDATE,'YYYYMM')
	      AND ss.type IN '매입'
	</select>
	
	<!-- 부가세예수금 -->
	<!-- 매출시 미리 받은 부가세 => 부채 -->
	<select id="vat_deposit" resultType="Integer">
	   SELECT NVL(ROUND(SUM(ss.tax_amount)),0)
	      FROM sales_slip ss, slip s
	      WHERE ss.slip_id = s.slip_id
	      AND TO_CHAR(s.register_date,'YYYYMM') = TO_CHAR(SYSDATE,'YYYYMM')
	      AND ss.type IN '매출'
	</select>
	
	<!-- ======= 손익계산서 ======= -->
	<!-- 매출총액 -->
	<select id="take_sales" resultType="Integer">
	   SELECT NVL(ROUND(SUM(ss.supply_amount + ss.tax_amount)),0)
	   FROM slip s, sales_slip ss
	   where s.slip_id = ss.slip_id
	   and s.state IN '승인'
	   and ss.type IN '매출'
	   AND TO_CHAR(s.register_date,'YYYYMM') = TO_CHAR(SYSDATE,'YYYYMM')
	</select>
	
	<!-- 기초상품 재고 입력일 조회-->
	<select id="beg_inven_select" resultType="Integer">
	   SELECT TO_NUMBER(TO_CHAR(MAX(i_time), 'yyyymmdd'))
	   FROM inventory
	</select>
	
	<!-- 기초상품 재고 입력-->
	<insert id="beg_inven_insert" parameterType="Integer">
	   INSERT INTO inventory
	   VALUES(CURRENT_DATE, #{cost})
	</insert>
	
	<!-- 기초상품 재고액 -->
	<select id="beginning_inventory" resultType="Integer">
	   SELECT NVL(i_cost,0)
	   FROM inventory
	   WHERE i_time IN (SELECT MAX(i_time)
	                   FROM inventory)
	</select>
	
	<!-- 당기순 매입액 -->
	<select id="current_inventory" resultType="Integer">
	   SELECT NVL(ROUND(SUM(ss.supply_amount + ss.tax_amount)),0)
	   FROM slip s, sales_slip ss
	   where s.slip_id = ss.slip_id
	   and s.state IN '승인'
	   and ss.type IN '매입'
	   AND TO_CHAR(s.register_date,'YYYYMM') = TO_CHAR(SYSDATE,'YYYYMM')
	</select>
	
	<!-- 기말상품 재고액 -->
	<select id="ending_inventory" resultType="Integer">
	   SELECT NVL(SUM(l.qty * p.cost),0)
	   FROM lack l, product p
	   WHERE l.product_id = p.product_id
	</select>
	
	<!-- 급여총액 -->
	<select id="total_salary" resultType="Integer">
	   SELECT NVL(ROUND(SUM(v.net_pay), 0),0)
	   FROM v_net_pay v, salary s
	   WHERE v.salary_id = s.salary_id
	   AND s.payday = TO_CHAR(SYSDATE,'YYYYMM')
	</select>
	
	<!-- 각 비용 계정별 검색 -->
	<select id="all_expense_lookup" parameterType="String" resultType="Integer">
	   SELECT NVL(SUM(expenses),0)
	     FROM operating_expense
	   WHERE account_title IN #{subject}
	</select>
	
	<!-- 비과세 소득합계 -->
	<select id="non_tax_sum" resultType="Integer">
	   SELECT NVL(SUM(non_taxtion),0)
	   FROM v_non_taxtion
	   WHERE PAYDAY = TO_CHAR(SYSDATE,'YYYYMM')
	</select>
	
	<!-- ================구매================ -->
	<!-- 구매 / 매입장 목록 -->
	<select id="purchase_in_list" resultType="com.springboot.team_one.dto.AssembleDTO">
		SELECT sl.register_date sl_register_date
			 , sl.update_date update_date
			 , sl.state state
		     , sa.sale_slip_id sale_slip_id
		     , sa.account_title sa_account_title
		     , ROUND(sa.supply_amount) supply_amount
		     , ROUND(sa.tax_amount) tax_amount
		     , sa.type sa_type
		     , sa.abstract sa_abstract
		     , c.client_id client_id
		     , c.name cl_name
		  FROM slip sl, sales_slip sa, request r, client c
		 WHERE sa.slip_id = sl.slip_id
		   AND sl.request_id = r.request_id
		   AND r.client_id = c.client_id
		   AND sa.type IN '매입'
		   AND sl.state NOT IN '요청'
		 ORDER BY sa.sale_slip_id DESC
	</select>
	
	<!-- ================판매================ -->
	<!-- 판매 / 매출장목록 -->
	<select id="purchase_out_list" resultType="com.springboot.team_one.dto.AssembleDTO">
		SELECT sl.register_date sl_register_date
			 , sl.update_date update_date
			 , sl.state state
		     , sa.sale_slip_id sale_slip_id
		     , sa.account_title sa_account_title
		     , ROUND(sa.supply_amount) supply_amount
		     , ROUND(sa.tax_amount) tax_amount
		     , sa.type sa_type
		     , sa.abstract sa_abstract
		     , c.client_id client_id
		     , c.name cl_name
		  FROM slip sl, sales_slip sa, request r, client c
		 WHERE sa.slip_id = sl.slip_id
		   AND sl.request_id = r.request_id
		   AND r.client_id = c.client_id
		   AND sa.type IN '매출'
		   AND sl.state NOT IN '요청'
		 ORDER BY sa.sale_slip_id DESC
	</select>
	
	<!-- ================물류================ -->
	<!-- 창고  목록-->
	<select id="warehouseList"  resultType="com.springboot.team_one.dto.AssembleDTO">
	         SELECT name wa_name, volume volume, reg_date wa_reg_date, status wa_status, wh_id wh_id
	          FROM warehouse
	          ORDER BY wh_id ASC
	</select>
	
	<!-- 출고 내역 -->
	<select id="release_history_list" resultType="com.springboot.team_one.dto.AssembleDTO">
			   SELECT c.name cl_name, r.begin_date begin_date, 
	            count(rd.qty)re_qty, r.status re_status , 
	            r.request_id request_id, o.outbound_date ,
	            o.wh_id , w.name wa_name, o.status outbound_status
	       FROM client c
	          , request r
	          , request_detail rd
	          , outbound o
	          , warehouse w
	      WHERE r.client_id = c.client_id
	        AND o.request_id = r.request_id
	        AND r.request_id = rd.request_id
	        AND w.wh_id = o.wh_id
	        AND r.type = '주문서'
	        AND r.status = '승인'
	        AND o.status = '출고완료'
	      group by c.name,r.begin_date,r.status,r.request_id,o.outbound_date, w.name, o.wh_id, o.status
	      ORDER BY request_id desc
	</select>
	<!-- ================출/퇴근================ -->
	<select id="vue_per_attdance_list" parameterType="String" resultType="com.springboot.team_one.dto.AssembleDTO">
      SELECT ATTENDANCE_ID, START_DATE as at_start_date, REASON as at_reason, END_DATE as at_end_date, ATTENDANCE_STATUS, EMPLOYEE_ID, COLOR
      FROM ATTENDANCE
      WHERE ATTENDANCE_STATUS NOT like '%휴가%'
      ORDER BY START_DATE DESC
   </select>
</mapper>